Cooker_1,1050,273,47,45,23.5,33
Cooker_2,1097,273,47,45,23.5,33
Cooker_3,1144,273,47,45,23.5,33
Cooker_4,1191,273,47,45,23.5,33
Cooker_5,1238,273,47,45,23.5,33
Cooker_6,1285,273,47,45,23.5,33
Cooker_7,1332,273,47,45,23.5,33
Cooker_8,1379,273,47,45,23.5,33
Cooker_9,1426,273,47,45,23.5,33
Cooker_10,1473,273,47,45,23.5,33
Cooker_11,1520,273,47,45,23.5,33
Cooker_12,1567,273,47,45,23.5,33
Cooker_13,1614,273,47,45,23.5,33
Cooker_14,1661,273,47,45,23.5,33
Cooker_15,1708,273,47,45,23.5,33
Cooker_16,1755,273,47,45,23.5,33
Cooker_17,1050,318,47,45,23.5,33
Cooker_18,1097,318,47,45,23.5,33
Cooker_19,1144,318,47,45,23.5,33
Cooker_20,1191,318,47,45,23.5,33
Cooker_21,1238,318,47,45,23.5,33
Cooker_22,1285,318,47,45,23.5,33
Cooker_23,1332,318,47,45,23.5,33
Cooker_24,1379,318,47,45,23.5,33
Cooker_25,1426,318,47,45,23.5,33
Cooker_26,1473,318,47,45,23.5,33
Cooker_27,1520,318,47,45,23.5,33
Cooker_28,1567,318,47,45,23.5,33
Cooker_29,1614,318,47,45,23.5,33
Cooker_30,1661,318,47,45,23.5,33
Cooker_31,1708,318,47,45,23.5,33
Cooker_32,1755,318,47,45,23.5,33
Cooker_33,1802,318,47,45,23.5,33
Cooker_34,1849,318,47,45,23.5,33
Cooker_35,1050,363,47,45,23.5,33
Cooker_36,1097,363,47,45,23.5,33
Cooker_37,1144,363,47,45,23.5,33
Cooker_38,1191,363,47,45,23.5,33
Cooker_39,1238,363,47,45,23.5,33
Cooker_40,1285,363,47,45,23.5,33
Cooker_41,1332,363,47,45,23.5,33
Cooker_42,1379,363,47,45,23.5,33
Cooker_43,1426,363,47,45,23.5,33
Cooker_44,1473,363,47,45,23.5,33
Cooker_45,1520,363,47,45,23.5,33
Cooker_46,1567,363,47,45,23.5,33
Cooker_47,1614,363,47,45,23.5,33
Cooker_48,1661,363,47,45,23.5,33
Cooker_49,1708,363,47,45,23.5,33
Cooker_50,1755,363,47,45,23.5,33
Cooker_51,1802,363,47,45,23.5,33
Cooker_52,1849,363,47,45,23.5,33
Cooker_53,1050,408,47,45,23.5,33
Cooker_54,1097,408,47,45,23.5,33
Cooker_55,1144,408,47,45,23.5,33
Cooker_56,1191,408,47,45,23.5,33
Cooker_57,1238,408,47,45,23.5,33
Cooker_58,1285,408,47,45,23.5,33
Cooker_59,1050,453,47,45,23.5,33
Cooker_60,1097,453,47,45,23.5,33
Cooker_61,1144,453,47,45,23.5,33
Cooker_62,1191,453,47,45,23.5,33
Cooker_63,1238,453,47,45,23.5,33
Cooker_64,1285,453,47,45,23.5,33
Cooker_65,1332,453,47,45,23.5,33
Cooker_66,1379,453,47,45,23.5,33
Cooker_67,1426,453,47,45,23.5,33
Cooker_68,1473,453,47,45,23.5,33
Cooker_69,1520,453,47,45,23.5,33
Cooker_70,1567,453,47,45,23.5,33
FoodDispenser_1,1488,408,42,29,21,32
FoodDispenser_2,1530,408,42,29,21,32
FoodDispenser_3,1572,408,42,29,21,32
FoodDispenser_4,1614,408,42,29,21,32
FoodDispenser_5,1656,408,42,29,21,32
FoodDispenser_6,1698,408,42,29,21,32
FoodDispenser_7,1740,408,42,29,21,32
FoodDispenser_8,1782,408,42,29,21,32
FoodDispenser_9,1824,408,42,29,21,32
FoodDispenser_10,1866,408,42,29,21,32
FoodDispenser_11,0,273,42,29,21,32
FoodDispenser_12,42,273,42,29,21,32
FoodDispenser_13,84,273,42,29,21,32
FoodDispenser_14,126,273,42,29,21,32
FoodDispenser_15,168,273,42,29,21,32
FoodDispenser_16,210,273,42,29,21,32
FoodDispenser_17,252,273,42,29,21,32
FoodDispenser_18,294,273,42,29,21,32
FoodDispenser_19,336,273,42,29,21,32
FoodDispenser_20,378,273,42,29,21,32
FoodDispenser_21,420,273,42,29,21,32
FoodDispenser_22,462,273,42,29,21,32
FoodDispenser_23,504,273,42,29,21,32
FoodDispenser_24,546,273,42,29,21,32
FoodDispenser_25,588,273,42,29,21,32
FoodDispenser_26,630,273,42,29,21,32
FoodDispenser_27,672,273,42,29,21,32
FoodDispenser_28,714,273,42,29,21,32
FoodDispenser_29,756,273,42,29,21,32
FoodDispenser_30,798,273,42,29,21,32
FoodDispenser_31,840,273,42,29,21,32
FoodDispenser_32,882,273,42,29,21,32
FoodDispenser_33,924,273,42,29,21,32
FoodDispenser_34,966,273,42,29,21,32
FoodDispenser_35,1008,273,42,29,21,32
FoodDispenser_36,0,302,42,29,21,32
FoodDispenser_37,42,302,42,29,21,32
FoodDispenser_38,84,302,42,29,21,32
FoodDispenser_39,126,302,42,29,21,32
FoodDispenser_40,168,302,42,29,21,32
FoodDispenser_41,210,302,42,29,21,32
FoodDispenser_42,252,302,42,29,21,32
FoodDispenser_43,294,302,42,29,21,32
FoodDispenser_44,336,302,42,29,21,32
FoodDispenser_45,378,302,42,29,21,32
FoodDispenser_46,420,302,42,29,21,32
FoodDispenser_47,462,302,42,29,21,32
FoodDispenser_48,504,302,42,29,21,32
FoodDispenser_49,546,302,42,29,21,32
FoodDispenser_50,588,302,42,29,21,32
FoodDispenser_51,630,302,42,29,21,32
FoodDispenser_52,672,302,42,29,21,32
FoodDispenser_53,714,302,42,29,21,32
FoodDispenser_54,756,302,42,29,21,32
FoodDispenser_55,798,302,42,29,21,32
FoodDispenser_56,840,302,42,29,21,32
FoodDispenser_57,882,302,42,29,21,32
FoodDispenser_58,924,302,42,29,21,32
FoodDispenser_59,966,302,42,29,21,32
FoodDispenser_60,1008,302,42,29,21,32
FoodDispenser_61,0,331,42,29,21,32
FoodDispenser_62,42,331,42,29,21,32
FoodDispenser_63,84,331,42,29,21,32
FoodDispenser_64,126,331,42,29,21,32
FoodDispenser_65,168,331,42,29,21,32
FoodDispenser_66,210,331,42,29,21,32
FoodDispenser_67,252,331,42,29,21,32
FoodDispenser_68,294,331,42,29,21,32
FoodDispenser_69,336,331,42,29,21,32
FoodDispenser_70,378,331,42,29,21,32
FoodDispenser_71,420,331,42,29,21,32
FoodDispenser_72,462,331,42,29,21,32
FoodDispenser_73,504,331,42,29,21,32
FoodDispenser_74,546,331,42,29,21,32
FoodDispenser_75,588,331,42,29,21,32
FoodDispenser_76,630,331,42,29,21,32
FoodDispenser_77,672,331,42,29,21,32
FoodDispenser_78,714,331,42,29,21,32
FoodDispenser_79,756,331,42,29,21,32
FoodDispenser_80,798,331,42,29,21,32
FoodDispenser_81,840,331,42,29,21,32
FoodDispenser_82,882,331,42,29,21,32
FoodDispenser_83,924,331,42,29,21,32
FoodDispenser_84,966,331,42,29,21,32
FoodDispenser_85,1008,331,42,29,21,32
FoodDispenser_86,0,360,42,29,21,32
FoodDispenser_87,42,360,42,29,21,32
FoodDispenser_88,84,360,42,29,21,32
FoodDispenser_89,126,360,42,29,21,32
FoodDispenser_90,168,360,42,29,21,32
FoodDispenser_91,210,360,42,29,21,32
FoodDispenser_92,252,360,42,29,21,32
FoodDispenser_93,294,360,42,29,21,32
FoodDispenser_94,336,360,42,29,21,32
FoodDispenser_95,378,360,42,29,21,32
FoodDispenser_96,420,360,42,29,21,32
FoodDispenser_97,462,360,42,29,21,32
FoodDispenser_98,504,360,42,29,21,32
FoodDispenser_99,546,360,42,29,21,32
FoodDispenser_100,588,360,42,29,21,32
FoodDispenser_101,630,360,42,29,21,32
FoodDispenser_102,672,360,42,29,21,32
FoodDispenser_103,714,360,42,29,21,32
FoodDispenser_104,756,360,42,29,21,32
FoodDispenser_105,798,360,42,29,21,32
FoodDispenser_106,840,360,42,29,21,32
FoodDispenser_107,882,360,42,29,21,32
FoodDispenser_108,924,360,42,29,21,32
FoodDispenser_109,966,360,42,29,21,32
FoodDispenser_110,1008,360,42,29,21,32
FoodDispenser_111,0,389,42,29,21,32
FoodDispenser_112,42,389,42,29,21,32
FoodDispenser_113,84,389,42,29,21,32
FoodDispenser_114,126,389,42,29,21,32
FoodDispenser_115,168,389,42,29,21,32
FoodDispenser_116,210,389,42,29,21,32
FoodDispenser_117,252,389,42,29,21,32
FoodDispenser_118,294,389,42,29,21,32
FoodDispenser_119,336,389,42,29,21,32
FoodDispenser_120,378,389,42,29,21,32
FoodDispenser_121,420,389,42,29,21,32
FoodDispenser_122,462,389,42,29,21,32
FoodDispenser_123,504,389,42,29,21,32
FoodDispenser_124,546,389,42,29,21,32
FoodDispenser_125,588,389,42,29,21,32
FoodDispenser_126,630,389,42,29,21,32
FoodDispenser_127,672,389,42,29,21,32
FoodDispenser_128,714,389,42,29,21,32
FoodDispenser_129,756,389,42,29,21,32
FoodDispenser_130,798,389,42,29,21,32
FoodDispenser_131,840,389,42,29,21,32
FoodDispenser_132,882,389,42,29,21,32
FoodDispenser_133,924,389,42,29,21,32
FoodDispenser_134,966,389,42,29,21,32
FoodDispenser_135,1008,389,42,29,21,32
FoodDispenser_136,0,418,42,29,21,32
FoodDispenser_137,42,418,42,29,21,32
FoodDispenser_138,84,418,42,29,21,32
FoodDispenser_139,126,418,42,29,21,32
FoodDispenser_140,168,418,42,29,21,32
FoodDispenser_141,210,418,42,29,21,32
FoodDispenser_142,252,418,42,29,21,32
FoodDispenser_143,294,418,42,29,21,32
FoodDispenser_144,336,418,42,29,21,32
FoodDispenser_145,378,418,42,29,21,32
FoodDispenser_146,420,418,42,29,21,32
FoodDispenser_147,462,418,42,29,21,32
FoodDispenser_148,504,418,42,29,21,32
FoodDispenser_149,546,418,42,29,21,32
FoodDispenser_150,588,418,42,29,21,32
FoodDispenser_151,630,418,42,29,21,32
FoodDispenser_152,672,418,42,29,21,32
FoodDispenser_153,714,418,42,29,21,32
FoodDispenser_154,756,418,42,29,21,32
FoodDispenser_155,798,418,42,29,21,32
FoodDispenser_156,840,418,42,29,21,32
FoodDispenser_157,882,418,42,29,21,32
FoodDispenser_158,924,418,42,29,21,32
FoodDispenser_159,966,418,42,29,21,32
FoodDispenser_160,1008,418,42,29,21,32
FoodDispenser_161,0,447,42,29,21,32
FoodDispenser_162,42,447,42,29,21,32
FoodDispenser_163,84,447,42,29,21,32
FoodDispenser_164,126,447,42,29,21,32
FoodDispenser_165,168,447,42,29,21,32
FoodDispenser_166,210,447,42,29,21,32
FoodDispenser_167,252,447,42,29,21,32
FoodDispenser_168,294,447,42,29,21,32
FoodDispenser_169,336,447,42,29,21,32
FoodDispenser_170,378,447,42,29,21,32
FoodDispenser_171,420,447,42,29,21,32
FoodDispenser_172,462,447,42,29,21,32
FoodDispenser_173,504,447,42,29,21,32
FoodDispenser_174,546,447,42,29,21,32
FoodDispenser_175,588,447,42,29,21,32
FoodDispenser_176,630,447,42,29,21,32
FoodDispenser_177,672,447,42,29,21,32
FoodDispenser_178,714,447,42,29,21,32
FoodDispenser_179,756,447,42,29,21,32
FoodDispenser_180,798,447,42,29,21,32
FoodDispenser_181,840,447,42,29,21,32
FoodDispenser_182,882,447,42,29,21,32
FoodDispenser_183,924,447,42,29,21,32
FoodDispenser_184,966,447,42,29,21,32
FoodDispenser_185,1008,447,42,29,21,32
FoodDispenser_186,0,476,42,29,21,32
FoodDispenser_187,42,476,42,29,21,32
FoodDispenser_188,84,476,42,29,21,32
FoodDispenser_189,126,476,42,29,21,32
FoodDispenser_190,168,476,42,29,21,32
FoodDispenser_191,210,476,42,29,21,32
FoodDispenser_192,252,476,42,29,21,32
FoodDispenser_193,294,476,42,29,21,32
FoodDispenser_194,336,476,42,29,21,32
FoodDispenser_195,378,476,42,29,21,32
FoodDispenser_196,420,476,42,29,21,32
FoodDispenser_197,462,476,42,29,21,32
FoodDispenser_198,504,476,42,29,21,32
FoodDispenser_199,546,476,42,29,21,32
FoodDispenser_200,588,476,42,29,21,32
FoodDispenser_201,630,476,42,29,21,32
FoodDispenser_202,672,476,42,29,21,32
FoodDispenser_203,714,476,42,29,21,32
FoodDispenser_204,756,476,42,29,21,32
FoodDispenser_205,798,476,42,29,21,32
FoodDispenser_206,840,476,42,29,21,32
FoodDispenser_207,882,476,42,29,21,32
FoodDispenser_208,924,476,42,29,21,32
FoodDispenser_209,966,476,42,29,21,32
FoodDispenser_210,1008,476,42,29,21,32
FoodDispenser_211,0,505,42,29,21,32
FoodDispenser_212,42,505,42,29,21,32
FoodDispenser_213,84,505,42,29,21,32
FoodDispenser_214,126,505,42,29,21,32
FoodDispenser_215,168,505,42,29,21,32
FoodDispenser_216,210,505,42,29,21,32
FoodDispenser_217,252,505,42,29,21,32
FoodDispenser_218,294,505,42,29,21,32
FoodDispenser_219,336,505,42,29,21,32
FoodDispenser_220,378,505,42,29,21,32
FoodDispenser_221,420,505,42,29,21,32
FoodDispenser_222,462,505,42,29,21,32
FoodDispenser_223,504,505,42,29,21,32
FoodDispenser_224,546,505,42,29,21,32
FoodDispenser_225,588,505,42,29,21,32
FoodDispenser_226,630,505,42,29,21,32
FoodDispenser_227,672,505,42,29,21,32
FoodDispenser_228,714,505,42,29,21,32
FoodDispenser_229,756,505,42,29,21,32
FoodDispenser_230,798,505,42,29,21,32
FoodDispenser_231,840,505,42,29,21,32
FoodDispenser_232,882,505,42,29,21,32
FoodDispenser_233,924,505,42,29,21,32
FoodDispenser_234,966,505,42,29,21,32
FoodDispenser_235,1008,505,42,29,21,32
FoodDispenser_236,0,534,42,29,21,32
FoodDispenser_237,42,534,42,29,21,32
FoodDispenser_238,84,534,42,29,21,32
FoodDispenser_239,126,534,42,29,21,32
FoodDispenser_240,168,534,42,29,21,32
FoodDispenser_241,210,534,42,29,21,32
FoodDispenser_242,252,534,42,29,21,32
FoodDispenser_243,294,534,42,29,21,32
FoodDispenser_244,336,534,42,29,21,32
FoodDispenser_245,378,534,42,29,21,32
FoodDispenser_246,420,534,42,29,21,32
FoodDispenser_247,462,534,42,29,21,32
FoodDispenser_248,504,534,42,29,21,32
FoodDispenser_249,546,534,42,29,21,32
FoodDispenser_250,588,534,42,29,21,32
FoodDispenser_251,630,534,42,29,21,32
FoodDispenser_252,672,534,42,29,21,32
FoodDispenser_253,714,534,42,29,21,32
FoodDispenser_254,756,534,42,29,21,32
FoodDispenser_255,798,534,42,29,21,32
FoodDispenser_256,840,534,42,29,21,32
FoodDispenser_257,882,534,42,29,21,32
FoodDispenser_258,924,534,42,29,21,32
FoodDispenser_259,966,534,42,29,21,32
FoodDispenser_260,1008,534,42,29,21,32
FoodDispenser_261,0,563,42,29,21,32
FoodDispenser_262,42,563,42,29,21,32
FoodDispenser_263,84,563,42,29,21,32
FoodDispenser_264,126,563,42,29,21,32
FoodDispenser_265,168,563,42,29,21,32
FoodDispenser_266,210,563,42,29,21,32
FoodDispenser_267,252,563,42,29,21,32
FoodDispenser_268,294,563,42,29,21,32
FoodDispenser_269,336,563,42,29,21,32
FoodDispenser_270,378,563,42,29,21,32
FoodDispenser_271,420,563,42,29,21,32
FoodDispenser_272,462,563,42,29,21,32
FoodDispenser_273,504,563,42,29,21,32
FoodDispenser_274,546,563,42,29,21,32
FoodDispenser_275,588,563,42,29,21,32
FoodDispenser_276,630,563,42,29,21,32
FoodDispenser_277,672,563,42,29,21,32
FoodDispenser_278,714,563,42,29,21,32
FoodDispenser_279,756,563,42,29,21,32
FoodDispenser_280,798,563,42,29,21,32
FoodDispenser_281,840,563,42,29,21,32
FoodDispenser_282,882,563,42,29,21,32
FoodDispenser_283,924,563,42,29,21,32
FoodDispenser_284,966,563,42,29,21,32
FoodDispenser_285,1008,563,42,29,21,32
FoodDispenser_286,0,592,42,29,21,32
FoodDispenser_287,42,592,42,29,21,32
FoodDispenser_288,84,592,42,29,21,32
FoodDispenser_289,126,534,42,29,21,32
FoodDispenser_290,168,592,42,29,21,32
FoodDispenser_291,210,592,42,29,21,32
FoodDispenser_292,252,592,42,29,21,32
FoodDispenser_293,294,592,42,29,21,32
FoodDispenser_294,336,592,42,29,21,32
FoodDispenser_295,378,592,42,29,21,32
FoodDispenser_296,420,592,42,29,21,32
FoodDispenser_297,462,592,42,29,21,32
FoodDispenser_298,504,592,42,29,21,32
FoodDispenser_299,546,592,42,29,21,32
FoodDispenser_300,588,592,42,29,21,32
FoodDispenser_301,630,592,42,29,21,32
FoodDispenser_302,672,592,42,29,21,32
FoodDispenser_303,714,592,42,29,21,32
FoodDispenser_304,756,592,42,29,21,32
FoodDispenser_305,798,592,42,29,21,32
FoodDispenser_306,840,592,42,29,21,32
FoodDispenser_307,882,592,42,29,21,32
FoodDispenser_308,924,592,42,29,21,32
FoodDispenser_309,966,592,42,29,21,32
FoodDispenser_310,1008,592,42,29,21,32
KekDispenser_1,1050,601,30,20,15,27
KekDispenser_2,1080,601,30,20,15,27
KekDispenser_3,1110,601,30,20,15,27
KekDispenser_4,1140,601,30,20,15,27
KekDispenser_5,1170,601,30,20,15,27
KekDispenser_6,1200,601,30,20,15,27
KekDispenser_7,1230,601,30,20,15,27
KekDispenser_8,1260,601,30,20,15,27
KekDispenser_9,1290,601,30,20,15,27
KekDispenser_10,1320,601,30,20,15,27
KekDispenser_11,1350,601,30,20,15,27
KekDispenser_12,1380,601,30,20,15,27
KekDispenser_13,1410,601,30,20,15,27
KekDispenser_14,1440,601,30,20,15,27
KekDispenser_15,1470,601,30,20,15,27
KekDispenser_16,1500,601,30,20,15,27
KekDispenser_17,1530,601,30,20,15,27
KekDispenser_18,1560,601,30,20,15,27
KekDispenser_19,1590,601,30,20,15,27
KekDispenser_20,1620,601,30,20,15,27
KekDispenser_21,1650,601,30,20,15,27
KekDispenser_22,1680,601,30,20,15,27
KekDispenser_23,1710,601,30,20,15,27
KekDispenser_24,1740,601,30,20,15,27
KekDispenser_25,1770,601,30,20,15,27
KekDispenser_26,1800,601,30,20,15,27
KekDispenser_27,1830,601,30,20,15,27
KekDispenser_28,1860,601,30,20,15,27
KekDispenser_29,1890,601,30,20,15,27
KekDispenser_30,1920,601,30,20,15,27
KekDispenser_31,1950,601,30,20,15,27
KekDispenser_32,1980,601,30,20,15,27
KekDispenser_33,2010,601,30,20,15,27
KekDispenser_34,2040,601,30,20,15,27
KekDispenser_35,2070,601,30,20,15,27
KekDispenser_36,2100,601,30,20,15,27
KekFactory_SW,0,621,75,59,37.5,40
KekFactory_NE,0,621,75,59,37.5,40
KekFactory_1_SW,0,621,75,59,37.5,40
KekFactory_2_SW,75,621,75,59,37.5,40
KekFactory_3_SW,150,621,75,59,37.5,40
KekFactory_4_SW,225,621,75,59,37.5,40
KekFactory_5_SW,300,621,75,59,37.5,40
KekFactory_6_SW,375,621,75,59,37.5,40
KekFactory_7_SW,450,621,75,59,37.5,40
KekFactory_8_SW,525,621,75,59,37.5,40
KekFactory_9_SW,600,621,75,59,37.5,40
KekFactory_10_SW,675,621,75,59,37.5,40
KekFactory_11_SW,750,621,75,59,37.5,40
KekFactory_12_SW,825,621,75,59,37.5,40
KekFactory_13_SW,900,621,75,59,37.5,40
KekFactory_14_SW,975,621,75,59,37.5,40
KekFactory_15_SW,1050,621,75,59,37.5,40
KekFactory_16_SW,1125,621,75,59,37.5,40
KekFactory_17_SW,1200,621,75,59,37.5,40
KekFactory_18_SW,1275,621,75,59,37.5,40
KekFactory_19_SW,1350,621,75,59,37.5,40
KekFactory_20_SW,1425,621,75,59,37.5,40
KekFactory_21_SW,1500,621,75,59,37.5,40
KekFactory_22_SW,1575,621,75,59,37.5,40
KekFactory_23_SW,1650,621,75,59,37.5,40
KekFactory_24_SW,1725,621,75,59,37.5,40
KekFactory_25_SW,1800,621,75,59,37.5,40
KekFactory_26_SW,1875,621,75,59,37.5,40
KekFactory_27_SW,0,680,75,59,37.5,40
KekFactory_28_SW,75,680,75,59,37.5,40
KekFactory_29_SW,150,680,75,59,37.5,40
KekFactory_30_SW,225,680,75,59,37.5,40
KekFactory_31_SW,300,680,75,59,37.5,40
KekFactory_32_SW,375,680,75,59,37.5,40
KekFactory_33_SW,450,680,75,59,37.5,40
KekFactory_34_SW,525,680,75,59,37.5,40
KekFactory_35_SW,600,680,75,59,37.5,40
KekFactory_36_SW,675,680,75,59,37.5,40
KekFactory_37_SW,750,680,75,59,37.5,40
KekFactory_38_SW,825,680,75,59,37.5,40
KekFactory_39_SW,900,680,75,59,37.5,40
KekFactory_40_SW,975,680,75,59,37.5,40
KekFactory_41_SW,1050,680,75,59,37.5,40
KekFactory_42_SW,1125,680,75,59,37.5,40
KekFactory_43_SW,1200,680,75,59,37.5,40
KekFactory_44_SW,1275,680,75,59,37.5,40
KekFactory_45_SW,1350,680,75,59,37.5,40
KekFactory_46_SW,1425,680,75,59,37.5,40
KekFactory_47_SW,1500,680,75,59,37.5,40
KekFactory_48_SW,1575,680,75,59,37.5,40
KekFactory_49_SW,1650,680,75,59,37.5,40
KekFactory_50_SW,1725,680,75,59,37.5,40
KekFactory_51_SW,1800,680,75,59,37.5,40
KekFactory_SE,0,739,75,59,37.5,40
KekFactory_NW,0,739,75,59,37.5,40
KekFactory_1_SE,0,739,75,59,37.5,40
KekFactory_2_SE,75,739,75,59,37.5,40
KekFactory_3_SE,150,739,75,59,37.5,40
KekFactory_4_SE,225,739,75,59,37.5,40
KekFactory_5_SE,300,739,75,59,37.5,40
KekFactory_6_SE,375,739,75,59,37.5,40
KekFactory_7_SE,450,739,75,59,37.5,40
KekFactory_8_SE,525,739,75,59,37.5,40
KekFactory_9_SE,600,739,75,59,37.5,40
KekFactory_10_SE,675,739,75,59,37.5,40
KekFactory_11_SE,750,739,75,59,37.5,40
KekFactory_12_SE,825,739,75,59,37.5,40
KekFactory_13_SE,900,739,75,59,37.5,40
KekFactory_14_SE,975,739,75,59,37.5,40
KekFactory_15_SE,1050,739,75,59,37.5,40
KekFactory_16_SE,1125,739,75,59,37.5,40
KekFactory_17_SE,1200,739,75,59,37.5,40
KekFactory_18_SE,1275,739,75,59,37.5,40
KekFactory_19_SE,1350,739,75,59,37.5,40
KekFactory_20_SE,1425,739,75,59,37.5,40
KekFactory_21_SE,1500,739,75,59,37.5,40
KekFactory_22_SE,1575,739,75,59,37.5,40
KekFactory_23_SE,1650,739,75,59,37.5,40
KekFactory_24_SE,1725,739,75,59,37.5,40
KekFactory_25_SE,1800,739,75,59,37.5,40
KekFactory_26_SE,1875,739,75,59,37.5,40
KekFactory_27_SE,0,798,75,59,37.5,40
KekFactory_28_SE,75,798,75,59,37.5,40
KekFactory_29_SE,150,798,75,59,37.5,40
KekFactory_30_SE,225,798,75,59,37.5,40
KekFactory_31_SE,300,798,75,59,37.5,40
KekFactory_32_SE,375,798,75,59,37.5,40
KekFactory_33_SE,450,798,75,59,37.5,40
KekFactory_34_SE,525,798,75,59,37.5,40
KekFactory_35_SE,600,798,75,59,37.5,40
KekFactory_36_SE,675,798,75,59,37.5,40
KekFactory_37_SE,750,798,75,59,37.5,40
KekFactory_38_SE,825,798,75,59,37.5,40
KekFactory_39_SE,900,798,75,59,37.5,40
KekFactory_40_SE,975,798,75,59,37.5,40
KekFactory_41_SE,1050,798,75,59,37.5,40
KekFactory_42_SE,1125,798,75,59,37.5,40
KekFactory_43_SE,1200,798,75,59,37.5,40
KekFactory_44_SE,1275,798,75,59,37.5,40
KekFactory_45_SE,1350,798,75,59,37.5,40
KekFactory_46_SE,1425,798,75,59,37.5,40
KekFactory_47_SE,1500,798,75,59,37.5,40
KekFactory_48_SE,1575,798,75,59,37.5,40
KekFactory_49_SE,1650,798,75,59,37.5,40
KekFactory_50_SE,1725,798,75,59,37.5,40
KekFactory_51_SE,1800,798,75,59,37.5,40
ResourceProcessor_1,1332,408,52,42,26,34
ResourceProcessor_2,1384,408,52,42,26,34
ResourceProcessor_3,1436,408,52,42,26,34
ResourceProcessor_4,0,0,52,42,26,34
ResourceProcessor_5,52,0,52,42,26,34
ResourceProcessor_6,104,0,52,42,26,34
ResourceProcessor_7,156,0,52,42,26,34
ResourceProcessor_8,208,0,52,42,26,34
ResourceProcessor_9,260,0,52,42,26,34
ResourceProcessor_10,312,0,52,42,26,34
ResourceProcessor_11,364,0,52,42,26,34
ResourceProcessor_12,416,0,52,42,26,34
ResourceProcessor_13,468,0,52,42,26,34
ResourceProcessor_14,520,0,52,42,26,34
ResourceProcessor_15,572,0,52,42,26,34
ResourceProcessor_16,624,0,52,42,26,34
ResourceProcessor_17,676,0,52,42,26,34
ResourceProcessor_18,728,0,52,42,26,34
ResourceProcessor_19,780,0,52,42,26,34
ResourceProcessor_20,832,0,52,42,26,34
ResourceProcessor_21,884,0,52,42,26,34
ResourceProcessor_22,936,0,52,42,26,34
ResourceProcessor_23,988,0,52,42,26,34
ResourceProcessor_24,1040,0,52,42,26,34
ResourceProcessor_25,1092,0,52,42,26,34
ResourceProcessor_26,1144,0,52,42,26,34
ResourceProcessor_27,1196,0,52,42,26,34
ResourceProcessor_28,1248,0,52,42,26,34
ResourceProcessor_29,1300,0,52,42,26,34
ResourceProcessor_30,1352,0,52,42,26,34
ResourceProcessor_31,1404,0,52,42,26,34
ResourceProcessor_32,1456,0,52,42,26,34
ResourceProcessor_33,1508,0,52,42,26,34
ResourceProcessor_34,1560,0,52,42,26,34
ResourceProcessor_35,1612,0,52,42,26,34
ResourceProcessor_36,1664,0,52,42,26,34
ResourceProcessor_37,1716,0,52,42,26,34
ResourceProcessor_38,1768,0,52,42,26,34
ResourceProcessor_39,1820,0,52,42,26,34
ResourceProcessor_40,1872,0,52,42,26,34
ResourceProcessor_41,1924,0,52,42,26,34
ResourceProcessor_42,1976,0,52,42,26,34
ResourceProcessor_43,0,42,52,42,26,34
ResourceProcessor_44,52,42,52,42,26,34
ResourceProcessor_45,104,42,52,42,26,34
ResourceProcessor_46,156,42,52,42,26,34
ResourceProcessor_47,208,42,52,42,26,34
ResourceProcessor_48,260,42,52,42,26,34
ResourceProcessor_49,312,42,52,42,26,34
ResourceProcessor_50,364,42,52,42,26,34
ResourceProcessor_51,416,42,52,42,26,34
ResourceProcessor_52,468,42,52,42,26,34
ResourceProcessor_53,520,42,52,42,26,34
ResourceProcessor_54,572,42,52,42,26,34
ResourceProcessor_55,624,42,52,42,26,34
ResourceProcessor_56,676,42,52,42,26,34
ResourceProcessor_57,728,42,52,42,26,34
ResourceProcessor_58,780,42,52,42,26,34
ResourceProcessor_59,832,42,52,42,26,34
ResourceProcessor_60,884,42,52,42,26,34
ResourceProcessor_61,936,42,52,42,26,34
ResourceProcessor_62,988,42,52,42,26,34
ResourceProcessor_63,1040,42,52,42,26,34
ResourceProcessor_64,1092,42,52,42,26,34
ResourceProcessor_65,1144,42,52,42,26,34
ResourceProcessor_66,1196,42,52,42,26,34
ResourceProcessor_67,1248,42,52,42,26,34
ResourceProcessor_68,1300,42,52,42,26,34
ResourceProcessor_69,1352,42,52,42,26,34
ResourceProcessor_70,1404,42,52,42,26,34
ResourceProcessor_71,1456,42,52,42,26,34
ResourceProcessor_72,1508,42,52,42,26,34
ResourceProcessor_73,1560,42,52,42,26,34
ResourceProcessor_74,1612,42,52,42,26,34
ResourceProcessor_75,1664,42,52,42,26,34
ResourceProcessor_76,1716,42,52,42,26,34
ResourceProcessor_77,1768,42,52,42,26,34
ResourceProcessor_78,1820,42,52,42,26,34
ResourceProcessor_79,1872,42,52,42,26,34
ResourceProcessor_80,1924,42,52,42,26,34
ResourceProcessor_81,1976,42,52,42,26,34
ResourceProcessor_82,0,84,52,42,26,34
ResourceProcessor_83,52,84,52,42,26,34
ResourceProcessor_84,104,84,52,42,26,34
ResourceProcessor_85,156,84,52,42,26,34
ResourceProcessor_86,208,84,52,42,26,34
ResourceProcessor_87,260,84,52,42,26,34
ResourceProcessor_88,312,84,52,42,26,34
ResourceProcessor_89,364,84,52,42,26,34
ResourceProcessor_90,416,84,52,42,26,34
ResourceProcessor_91,468,84,52,42,26,34
ResourceProcessor_92,520,84,52,42,26,34
ResourceProcessor_93,572,84,52,42,26,34
ResourceProcessor_94,624,84,52,42,26,34
ResourceProcessor_95,676,84,52,42,26,34
ResourceProcessor_96,728,84,52,42,26,34
ResourceProcessor_97,780,84,52,42,26,34
ResourceProcessor_98,832,84,52,42,26,34
ResourceProcessor_99,884,84,52,42,26,34
ResourceProcessor_100,936,84,52,42,26,34
ResourceProcessor_101,988,84,52,42,26,34
ResourceProcessor_102,1040,84,52,42,26,34
ResourceProcessor_103,1092,84,52,42,26,34
ResourceProcessor_104,1144,84,52,42,26,34
ResourceProcessor_105,1196,84,52,42,26,34
ResourceProcessor_106,1248,84,52,42,26,34
ResourceProcessor_107,1300,84,52,42,26,34
ResourceProcessor_108,1352,84,52,42,26,34
ResourceProcessor_109,1404,84,52,42,26,34
ResourceProcessor_110,1456,84,52,42,26,34
ResourceProcessor_111,1508,84,52,42,26,34
ResourceProcessor_112,1560,84,52,42,26,34
ResourceProcessor_113,1612,84,52,42,26,34
ResourceProcessor_114,1664,84,52,42,26,34
ResourceProcessor_115,1716,84,52,42,26,34
ResourceProcessor_116,1768,84,52,42,26,34
ResourceProcessor_117,1820,84,52,42,26,34
ResourceProcessor_118,1872,84,52,42,26,34
ResourceProcessor_119,1924,84,52,42,26,34
ResourceProcessor_120,1976,84,52,42,26,34
ResourceProcessor_121,0,126,52,42,26,34
ResourceProcessor_122,52,126,52,42,26,34
ResourceProcessor_123,104,126,52,42,26,34
ResourceProcessor_124,156,126,52,42,26,34
ResourceProcessor_125,208,126,52,42,26,34
ResourceProcessor_126,260,126,52,42,26,34
ResourceProcessor_127,312,126,52,42,26,34
ResourceProcessor_128,364,126,52,42,26,34
ResourceProcessor_129,416,126,52,42,26,34
ResourceProcessor_130,468,126,52,42,26,34
ResourceProcessor_131,520,126,52,42,26,34
ResourceProcessor_132,572,126,52,42,26,34
ResourceProcessor_133,624,126,52,42,26,34
ResourceProcessor_134,676,126,52,42,26,34
ResourceProcessor_135,728,126,52,42,26,34
ResourceProcessor_136,780,126,52,42,26,34
ResourceProcessor_137,832,126,52,42,26,34
ResourceProcessor_138,884,126,52,42,26,34
ResourceProcessor_139,936,126,52,42,26,34
ResourceProcessor_140,988,126,52,42,26,34
ResourceProcessor_141,1040,126,52,42,26,34
ResourceProcessor_142,1092,126,52,42,26,34
ResourceProcessor_143,1144,126,52,42,26,34
ResourceProcessor_144,1196,126,52,42,26,34
ResourceProcessor_145,1248,126,52,42,26,34
ResourceProcessor_146,1300,126,52,42,26,34
ResourceProcessor_147,1352,126,52,42,26,34
ResourceProcessor_148,1404,126,52,42,26,34
ResourceProcessor_149,1456,126,52,42,26,34
ResourceProcessor_150,1508,126,52,42,26,34
ResourceProcessor_151,1560,126,52,42,26,34
ResourceProcessor_152,1612,126,52,42,26,34
ResourceProcessor_153,1664,126,52,42,26,34
ResourceProcessor_154,1716,126,52,42,26,34
ResourceProcessor_155,1768,126,52,42,26,34
ResourceProcessor_156,1820,126,52,42,26,34
ResourceProcessor_157,1872,126,52,42,26,34
ResourceProcessor_158,1924,126,52,42,26,34
ResourceProcessor_159,1976,126,52,42,26,34
ResourceProcessor_160,0,168,52,42,26,34
ResourceProcessor_161,52,168,52,42,26,34
ResourceProcessor_162,104,168,52,42,26,34
ResourceProcessor_163,156,168,52,42,26,34
ResourceProcessor_164,208,168,52,42,26,34
ResourceProcessor_165,260,168,52,42,26,34
ResourceProcessor_166,312,168,52,42,26,34
ResourceProcessor_167,364,168,52,42,26,34
ResourceProcessor_168,416,168,52,42,26,34
ResourceProcessor_169,468,168,52,42,26,34
ResourceProcessor_170,520,168,52,42,26,34
ResourceProcessor_171,572,168,52,42,26,34
ResourceProcessor_172,624,168,52,42,26,34
ResourceProcessor_173,676,168,52,42,26,34
ResourceProcessor_174,728,168,52,42,26,34
ResourceProcessor_175,780,168,52,42,26,34
ResourceProcessor_176,832,168,52,42,26,34
ResourceProcessor_177,884,168,52,42,26,34
ResourceProcessor_178,936,168,52,42,26,34
ResourceProcessor_179,988,168,52,42,26,34
ResourceProcessor_180,1040,168,52,42,26,34
ResourceProcessor_181,1092,168,52,42,26,34
ResourceProcessor_182,1144,168,52,42,26,34
ResourceProcessor_183,1196,168,52,42,26,34
ResourceProcessor_184,1248,168,52,42,26,34
ResourceProcessor_185,1300,168,52,42,26,34
ResourceProcessor_186,1352,168,52,42,26,34
ResourceProcessor_187,1404,168,52,42,26,34
ResourceProcessor_188,1456,168,52,42,26,34
ResourceProcessor_189,1508,168,52,42,26,34
ResourceProcessor_190,1560,168,52,42,26,34
ResourceProcessor_191,1612,168,52,42,26,34
ResourceProcessor_192,1664,168,52,42,26,34
ResourceProcessor_193,1716,168,52,42,26,34
ResourceProcessor_194,1768,168,52,42,26,34
ResourceProcessor_195,1820,168,52,42,26,34
ResourceProcessor_196,1872,168,52,42,26,34
ResourceProcessor_197,1924,168,52,42,26,34
ResourceProcessor_198,1976,168,52,42,26,34
ResourceProcessor_199,0,210,52,42,26,34
ResourceProcessor_200,52,210,52,42,26,34
ResourceProcessor_201,104,210,52,42,26,34
ResourceProcessor_202,156,210,52,42,26,34
ResourceProcessor_203,208,210,52,42,26,34
ResourceProcessor_204,260,210,52,42,26,34
ResourceProcessor_205,312,210,52,42,26,34
ResourceProcessor_206,364,210,52,42,26,34
ResourceProcessor_207,416,210,52,42,26,34
ResourceProcessor_208,468,210,52,42,26,34
ResourceProcessor_209,520,210,52,42,26,34
ResourceProcessor_210,572,210,52,42,26,34
ResourceProcessor_211,624,210,52,42,26,34
ResourceProcessor_212,676,210,52,42,26,34
ResourceProcessor_213,728,210,52,42,26,34
ResourceProcessor_214,780,210,52,42,26,34
ResourceProcessor_215,832,210,52,42,26,34
ResourceProcessor_216,884,210,52,42,26,34
ResourceProcessor_217,936,210,52,42,26,34
ResourceProcessor_218,988,210,52,42,26,34
ResourceProcessor_219,1040,210,52,42,26,34
ResourceProcessor_220,1092,210,52,42,26,34
ResourceProcessor_221,1144,210,52,42,26,34
ResourceProcessor_222,1196,210,52,42,26,34
ResourceProcessor_223,1248,210,52,42,26,34
ResourceProcessor_224,1300,210,52,42,26,34
ResourceProcessor_225,1352,210,52,42,26,34
ResourceProcessor_226,1404,210,52,42,26,34
ResourceProcessor_227,1456,210,52,42,26,34
ResourceProcessor_228,1508,210,52,42,26,34
ResourceProcessor_229,1560,210,52,42,26,34
ResourceProcessor_230,1612,210,52,42,26,34
ResourceProcessor_231,1664,210,52,42,26,34
ResourceProcessor_232,1716,210,52,42,26,34
ResourceProcessor_233,1768,210,52,42,26,34
ResourceProcessor_234,1820,210,52,42,26,34
ResourceProcessor_235,1872,210,52,42,26,34
ResourceProcessor_236,1924,210,52,42,26,34
ResourceProcessor_237,1976,210,52,42,26,34
Silo_1,0,1054,87,68,43.5,47
Silo_2,87,1054,87,68,43.5,47
Silo_3,174,1054,87,68,43.5,47
Silo_4,261,1054,87,68,43.5,47
Silo_5,348,1054,87,68,43.5,47
Silo_6,435,1054,87,68,43.5,47
Silo_7,522,1054,87,68,43.5,47
Silo_8,609,1054,87,68,43.5,47
Silo_9,696,1054,87,68,43.5,47
Silo_10,783,1054,87,68,43.5,47
Silo_11,870,1054,87,68,43.5,47
Silo_12,957,1054,87,68,43.5,47
Silo_13,1044,1054,87,68,43.5,47
Silo_14,1131,1054,87,68,43.5,47
Silo_15,1218,1054,87,68,43.5,47
Silo_16,1305,1054,87,68,43.5,47
Silo_17,1392,1054,87,68,43.5,47
Silo_18,1479,1054,87,68,43.5,47
Silo_19,1566,1054,87,68,43.5,47
Silo_20,1653,1054,87,68,43.5,47
Silo_21,0,1122,87,81,43.5,60
Silo_22,87,1122,87,81,43.5,60
Silo_23,174,1122,87,81,43.5,60
Silo_24,261,1122,87,81,43.5,60
Silo_25,348,1122,87,81,43.5,60
Silo_26,435,1122,87,81,43.5,60
Silo_27,522,1122,87,81,43.5,60
Silo_28,609,1122,87,81,43.5,60
Silo_29,696,1122,87,81,43.5,60
Silo_30,783,1122,87,81,43.5,60
Silo_31,870,1122,87,81,43.5,60
Silo_32,957,1122,87,81,43.5,60
Silo_33,1044,1122,87,81,43.5,60
Silo_34,1131,1122,87,81,43.5,60
Silo_35,1218,1122,87,81,43.5,60
Silo_36,1305,1122,87,81,43.5,60
Silo_37,1392,1122,87,81,43.5,60
Silo_38,1479,1122,87,81,43.5,60
Silo_39,1566,1122,87,81,43.5,60
Silo_40,1653,1122,87,81,43.5,60
WaterDispenser_1,0,252,30,21,15,27
WaterDispenser_2,30,252,30,21,15,27
WaterDispenser_3,60,252,30,21,15,27
WaterDispenser_4,90,252,30,21,15,27
WaterDispenser_5,120,252,30,21,15,27
WaterDispenser_6,150,252,30,21,15,27
WaterDispenser_7,180,252,30,21,15,27
WaterDispenser_8,210,252,30,21,15,27
WaterDispenser_9,240,252,30,21,15,27
WaterDispenser_10,270,252,30,21,15,27
WaterDispenser_11,300,252,30,21,15,27
WaterDispenser_12,330,252,30,21,15,27
WaterDispenser_13,360,252,30,21,15,27
WaterDispenser_14,390,252,30,21,15,27
WaterDispenser_15,420,252,30,21,15,27
WaterDispenser_16,450,252,30,21,15,27
WaterDispenser_17,480,252,30,21,15,27
WaterDispenser_18,510,252,30,21,15,27
WaterDispenser_19,540,252,30,21,15,27
WaterDispenser_20,570,252,30,21,15,27
WaterDispenser_21,600,252,30,21,15,27
WaterDispenser_22,630,252,30,21,15,27
WaterDispenser_23,660,252,30,21,15,27
WaterDispenser_24,690,252,30,21,15,27
WaterDispenser_25,720,252,30,21,15,27
WaterDispenser_26,750,252,30,21,15,27
WaterDispenser_27,780,252,30,21,15,27
WaterDispenser_28,810,252,30,21,15,27
WaterDispenser_29,840,252,30,21,15,27
WaterDispenser_30,870,252,30,21,15,27
WaterDispenser_31,900,252,30,21,15,27
WaterDispenser_32,930,252,30,21,15,27
WaterDispenser_33,960,252,30,21,15,27
WaterDispenser_34,990,252,30,21,15,27
WaterDispenser_35,1020,252,30,21,15,27
WaterDispenser_36,1050,252,30,21,15,27
WaterDispenser_37,1080,252,30,21,15,27
WaterDispenser_38,1110,252,30,21,15,27
WaterDispenser_39,1140,252,30,21,15,27
WaterDispenser_40,1170,252,30,21,15,27
WaterDispenser_41,1200,252,30,21,15,27
WaterDispenser_42,1230,252,30,21,15,27
WaterDispenser_43,1260,252,30,21,15,27
WaterDispenser_44,1290,252,30,21,15,27
WaterDispenser_45,1320,252,30,21,15,27
WaterDispenser_46,1350,252,30,21,15,27
WaterDispenser_47,1380,252,30,21,15,27
WaterDispenser_48,1410,252,30,21,15,27
WaterDispenser_49,1440,252,30,21,15,27
WaterDispenser_50,1470,252,30,21,15,27
WaterDispenser_51,1500,252,30,21,15,27
WaterDispenser_52,1530,252,30,21,15,27
WaterDispenser_53,1560,252,30,21,15,27
WaterDispenser_54,1590,252,30,21,15,27
WaterDispenser_55,1620,252,30,21,15,27
WaterDispenser_56,1650,252,30,21,15,27
WaterDispenser_57,1680,252,30,21,15,27
WaterDispenser_58,1710,252,30,21,15,27
WaterDispenser_59,1740,252,30,21,15,27
WaterDispenser_60,1770,252,30,21,15,27
WaterDispenser_61,1800,252,30,21,15,27
WaterDispenser_62,1830,252,30,21,15,27
WaterDispenser_63,1860,252,30,21,15,27
WaterDispenser_64,1890,252,30,21,15,27