BatteryCellFactory_1_SW,0,821,84,67,42,46
BatteryCellFactory_2_SW,84,821,84,67,42,46
BatteryCellFactory_3_SW,168,821,84,67,42,46
BatteryCellFactory_4_SW,252,821,84,67,42,46
BatteryCellFactory_5_SW,336,821,84,67,42,46
BatteryCellFactory_6_SW,420,821,84,67,42,46
BatteryCellFactory_7_SW,504,821,84,67,42,46
BatteryCellFactory_8_SW,588,821,84,67,42,46
BatteryCellFactory_9_SW,672,821,84,67,42,46
BatteryCellFactory_10_SW,756,821,84,67,42,46
BatteryCellFactory_11_SW,840,821,84,67,42,46
BatteryCellFactory_12_SW,924,821,84,67,42,46
BatteryCellFactory_1_SE,1008,821,84,67,42,46
BatteryCellFactory_2_SE,1092,821,84,67,42,46
BatteryCellFactory_3_SE,1176,821,84,67,42,46
BatteryCellFactory_4_SE,1260,821,84,67,42,46
BatteryCellFactory_5_SE,1344,821,84,67,42,46
BatteryCellFactory_6_SE,1428,821,84,67,42,46
BatteryCellFactory_7_SE,1512,821,84,67,42,46
BatteryCellFactory_8_SE,1596,821,84,67,42,46
BatteryCellFactory_9_SE,1680,821,84,67,42,46
BatteryCellFactory_10_SE,1764,821,84,67,42,46
BatteryCellFactory_11_SE,1848,821,84,67,42,46
BatteryCellFactory_12_SE,1932,821,84,67,42,46
BatteryCellFactory_1_NE,0,888,84,67,42,46
BatteryCellFactory_2_NE,84,888,84,67,42,46
BatteryCellFactory_3_NE,168,888,84,67,42,46
BatteryCellFactory_4_NE,252,888,84,67,42,46
BatteryCellFactory_5_NE,336,888,84,67,42,46
BatteryCellFactory_6_NE,420,888,84,67,42,46
BatteryCellFactory_7_NE,504,888,84,67,42,46
BatteryCellFactory_8_NE,588,888,84,67,42,46
BatteryCellFactory_9_NE,672,888,84,67,42,46
BatteryCellFactory_10_NE,756,888,84,67,42,46
BatteryCellFactory_11_NE,840,888,84,67,42,46
BatteryCellFactory_12_NE,924,888,84,67,42,46
BatteryCellFactory_1_NW,1008,888,84,67,42,46
BatteryCellFactory_2_NW,1092,888,84,67,42,46
BatteryCellFactory_3_NW,1176,888,84,67,42,46
BatteryCellFactory_4_NW,1260,888,84,67,42,46
BatteryCellFactory_5_NW,1344,888,84,67,42,46
BatteryCellFactory_6_NW,1428,888,84,67,42,46
BatteryCellFactory_7_NW,1512,888,84,67,42,46
BatteryCellFactory_8_NW,1596,888,84,67,42,46
BatteryCellFactory_9_NW,1680,888,84,67,42,46
BatteryCellFactory_10_NW,1764,888,84,67,42,46
BatteryCellFactory_11_NW,1848,888,84,67,42,46
BatteryCellFactory_12_NW,1932,888,84,67,42,46
CompositesFactory_SW,0,416,163,104,81.5,63
CompositesFactory_1_SW,0,416,163,104,81.5,63
CompositesFactory_2_SW,163,416,163,104,81.5,63
CompositesFactory_3_SW,326,416,163,104,81.5,63
CompositesFactory_4_SW,489,416,163,104,81.5,63
CompositesFactory_5_SW,652,416,163,104,81.5,63
CompositesFactory_6_SW,815,416,163,104,81.5,63
CompositesFactory_7_SW,978,416,163,104,81.5,63
CompositesFactory_8_SW,1141,416,163,104,81.5,63
CompositesFactory_9_SW,1304,416,163,104,81.5,63
CompositesFactory_10_SW,1467,416,163,104,81.5,63
CompositesFactory_11_SW,1630,416,163,104,81.5,63
CompositesFactory_12_SW,1793,416,163,104,81.5,63
CompositesFactory_SE,0,520,163,104,81.5,63
CompositesFactory_1_SE,0,520,163,104,81.5,63
CompositesFactory_2_SE,163,520,163,104,81.5,63
CompositesFactory_3_SE,326,520,163,104,81.5,63
CompositesFactory_4_SE,489,520,163,104,81.5,63
CompositesFactory_5_SE,652,520,163,104,81.5,63
CompositesFactory_6_SE,815,520,163,104,81.5,63
CompositesFactory_7_SE,978,520,163,104,81.5,63
CompositesFactory_8_SE,1141,520,163,104,81.5,63
CompositesFactory_9_SE,1304,520,163,104,81.5,63
CompositesFactory_10_SE,1467,520,163,104,81.5,63
CompositesFactory_11_SE,1630,520,163,104,81.5,63
CompositesFactory_12_SE,1793,520,163,104,81.5,63
CompositesFactory_NE,0,624,163,93,81.5,52
CompositesFactory_1_NE,0,624,163,93,81.5,52
CompositesFactory_2_NE,163,624,163,104,81.5,52
CompositesFactory_3_NE,326,624,163,104,81.5,52
CompositesFactory_4_NE,489,624,163,104,81.5,52
CompositesFactory_5_NE,652,624,163,104,81.5,52
CompositesFactory_6_NE,815,624,163,104,81.5,52
CompositesFactory_7_NE,978,624,163,104,81.5,52
CompositesFactory_8_NE,1141,624,163,93,81.5,52
CompositesFactory_9_NE,1304,624,163,93,81.5,52
CompositesFactory_10_NE,1467,624,163,93,81.5,52
CompositesFactory_11_NE,1630,624,163,93,81.5,52
CompositesFactory_12_NE,1793,624,163,93,81.5,52
CompositesFactory_NW,0,728,163,93,81.5,52
CompositesFactory_1_NW,0,728,163,93,81.5,52
CompositesFactory_2_NW,163,728,163,93,81.5,52
CompositesFactory_3_NW,326,728,163,93,81.5,52
CompositesFactory_4_NW,489,728,163,93,81.5,52
CompositesFactory_5_NW,652,728,163,93,81.5,52
CompositesFactory_6_NW,815,728,163,93,81.5,52
CompositesFactory_7_NW,978,728,163,93,81.5,52
CompositesFactory_8_NW,1141,728,163,93,81.5,52
CompositesFactory_9_NW,1304,728,163,93,81.5,52
CompositesFactory_10_NW,1467,728,163,93,81.5,52
CompositesFactory_11_NW,1630,728,163,93,81.5,52
CompositesFactory_12_NW,1793,728,163,93,81.5,52
CompostFactory_SW,0,1617,78,55,39,35
CompostFactory_1_SW,0,1617,78,55,39,35
CompostFactory_2_SW,78,1617,78,55,39,35
CompostFactory_3_SW,156,1617,78,55,39,35
CompostFactory_4_SW,234,1617,78,55,39,35
CompostFactory_5_SW,312,1617,78,55,39,35
CompostFactory_6_SW,390,1617,78,55,39,35
CompostFactory_7_SW,468,1617,78,55,39,35
CompostFactory_8_SW,546,1617,78,55,39,35
CompostFactory_9_SW,624,1617,78,55,39,35
CompostFactory_10_SW,702,1617,78,55,39,35
CompostFactory_11_SW,780,1617,78,55,39,35
CompostFactory_12_SW,858,1617,78,55,39,35
CompostFactory_13_SW,936,1617,78,55,39,35
CompostFactory_14_SW,1014,1617,78,55,39,35
CompostFactory_15_SW,1092,1617,78,55,39,35
CompostFactory_16_SW,1170,1617,78,55,39,35
CompostFactory_17_SW,1248,1617,78,55,39,35
CompostFactory_18_SW,1326,1617,78,55,39,35
CompostFactory_19_SW,1404,1617,78,55,39,35
CompostFactory_20_SW,1482,1617,78,55,39,35
CompostFactory_SE,0,1672,78,55,39,35
CompostFactory_1_SE,0,1672,78,55,39,35
CompostFactory_2_SE,78,1672,78,55,39,35
CompostFactory_3_SE,156,1672,78,55,39,35
CompostFactory_4_SE,234,1672,78,55,39,35
CompostFactory_5_SE,312,1672,78,55,39,35
CompostFactory_6_SE,390,1672,78,55,39,35
CompostFactory_7_SE,468,1672,78,55,39,35
CompostFactory_8_SE,546,1672,78,55,39,35
CompostFactory_9_SE,624,1672,78,55,39,35
CompostFactory_10_SE,702,1672,78,55,39,35
CompostFactory_11_SE,780,1672,78,55,39,35
CompostFactory_12_SE,858,1672,78,55,39,35
CompostFactory_13_SE,936,1672,78,55,39,35
CompostFactory_14_SE,1014,1672,78,55,39,35
CompostFactory_15_SE,1092,1672,78,55,39,35
CompostFactory_16_SE,1170,1672,78,55,39,35
CompostFactory_17_SE,1248,1672,78,55,39,35
CompostFactory_18_SE,1326,1672,78,55,39,35
CompostFactory_19_SE,1404,1672,78,55,39,35
CompostFactory_20_SE,1482,1672,78,55,39,35
CompostFactory_NE,0,1617,78,55,39,35
CompostFactory_1_NE,0,1617,78,55,39,35
CompostFactory_2_NE,78,1617,78,55,39,35
CompostFactory_3_NE,156,1617,78,55,39,35
CompostFactory_4_NE,234,1617,78,55,39,35
CompostFactory_5_NE,312,1617,78,55,39,35
CompostFactory_6_NE,390,1617,78,55,39,35
CompostFactory_7_NE,468,1617,78,55,39,35
CompostFactory_8_NE,546,1617,78,55,39,35
CompostFactory_9_NE,624,1617,78,55,39,35
CompostFactory_10_NE,702,1617,78,55,39,35
CompostFactory_11_NE,780,1617,78,55,39,35
CompostFactory_12_NE,858,1617,78,55,39,35
CompostFactory_13_NE,936,1617,78,55,39,35
CompostFactory_14_NE,1014,1617,78,55,39,35
CompostFactory_15_NE,1092,1617,78,55,39,35
CompostFactory_16_NE,1170,1617,78,55,39,35
CompostFactory_17_NE,1248,1617,78,55,39,35
CompostFactory_18_NE,1326,1617,78,55,39,35
CompostFactory_19_NE,1404,1617,78,55,39,35
CompostFactory_20_NE,1482,1617,78,55,39,35
CompostFactory_NW,0,1672,78,55,39,35
CompostFactory_1_NW,0,1672,78,55,39,35
CompostFactory_2_NW,78,1672,78,55,39,35
CompostFactory_3_NW,156,1672,78,55,39,35
CompostFactory_4_NW,234,1672,78,55,39,35
CompostFactory_5_NW,312,1672,78,55,39,35
CompostFactory_6_NW,390,1672,78,55,39,35
CompostFactory_7_NW,468,1672,78,55,39,35
CompostFactory_8_NW,546,1672,78,55,39,35
CompostFactory_9_NW,624,1672,78,55,39,35
CompostFactory_10_NW,702,1672,78,55,39,35
CompostFactory_11_NW,780,1672,78,55,39,35
CompostFactory_12_NW,858,1672,78,55,39,35
CompostFactory_13_NW,936,1672,78,55,39,35
CompostFactory_14_NW,1014,1672,78,55,39,35
CompostFactory_15_NW,1092,1672,78,55,39,35
CompostFactory_16_NW,1170,1672,78,55,39,35
CompostFactory_17_NW,1248,1672,78,55,39,35
CompostFactory_18_NW,1326,1672,78,55,39,35
CompostFactory_19_NW,1404,1672,78,55,39,35
CompostFactory_20_NW,1482,1672,78,55,39,35
DirectionalHeater_1_SE,0,1547,53,35,26.5,22
DirectionalHeater_1_NE,424,1547,53,35,26.5,22
DirectionalHeater_1_NW,848,1547,53,35,26.5,22
DirectionalHeater_1_SW,1272,1547,53,35,26.5,22
DirectionalHeater_1,0,1547,53,35,26.5,22
DirectionalHeater_2,53,1547,53,35,26.5,22
DirectionalHeater_3,106,1547,53,35,26.5,22
DirectionalHeater_4,159,1547,53,35,26.5,22
DirectionalHeater_5,212,1547,53,35,26.5,22
DirectionalHeater_6,265,1547,53,35,26.5,22
DirectionalHeater_7,318,1547,53,35,26.5,22
DirectionalHeater_8,371,1547,53,35,26.5,22
DirectionalHeater_9,424,1547,53,35,26.5,22
DirectionalHeater_10,477,1547,53,35,26.5,22
DirectionalHeater_11,530,1547,53,35,26.5,22
DirectionalHeater_12,583,1547,53,35,26.5,22
DirectionalHeater_13,636,1547,53,35,26.5,22
DirectionalHeater_14,689,1547,53,35,26.5,22
DirectionalHeater_15,742,1547,53,35,26.5,22
DirectionalHeater_16,795,1547,53,35,26.5,22
DirectionalHeater_17,848,1547,53,35,26.5,22
DirectionalHeater_18,901,1547,53,35,26.5,22
DirectionalHeater_19,954,1547,53,35,26.5,22
DirectionalHeater_20,1007,1547,53,35,26.5,22
DirectionalHeater_21,1060,1547,53,35,26.5,22
DirectionalHeater_22,1113,1547,53,35,26.5,22
DirectionalHeater_23,1166,1547,53,35,26.5,22
DirectionalHeater_24,1219,1547,53,35,26.5,22
DirectionalHeater_25,1272,1547,53,35,26.5,22
DirectionalHeater_26,1325,1547,53,35,26.5,22
DirectionalHeater_27,1378,1547,53,35,26.5,22
DirectionalHeater_28,1431,1547,53,35,26.5,22
DirectionalHeater_29,1484,1547,53,35,26.5,22
DirectionalHeater_30,1537,1547,53,35,26.5,22
DirectionalHeater_31,1590,1547,53,35,26.5,22
DirectionalHeater_32,1643,1547,53,35,26.5,22
DirectionalHeater_33,0,1582,53,35,26.5,22
DirectionalHeater_34,53,1582,53,35,26.5,22
DirectionalHeater_35,106,1582,53,35,26.5,22
DirectionalHeater_36,159,1582,53,35,26.5,22
DirectionalHeater_37,212,1582,53,35,26.5,22
DirectionalHeater_38,265,1582,53,35,26.5,22
DirectionalHeater_39,318,1582,53,35,26.5,22
DirectionalHeater_40,371,1582,53,35,26.5,22
DirectionalHeater_41,424,1582,53,35,26.5,22
DirectionalHeater_42,477,1582,53,35,26.5,22
DirectionalHeater_43,530,1582,53,35,26.5,22
DirectionalHeater_44,583,1582,53,35,26.5,22
DirectionalHeater_45,636,1582,53,35,26.5,22
DirectionalHeater_46,689,1582,53,35,26.5,22
DirectionalHeater_47,742,1582,53,35,26.5,22
DirectionalHeater_48,795,1582,53,35,26.5,22
DirectionalHeater_49,848,1582,53,35,26.5,22
DirectionalHeater_50,901,1582,53,35,26.5,22
DirectionalHeater_51,954,1582,53,35,26.5,22
DirectionalHeater_52,1007,1582,53,35,26.5,22
DirectionalHeater_53,1060,1582,53,35,26.5,22
DirectionalHeater_54,1113,1582,53,35,26.5,22
DirectionalHeater_55,1166,1582,53,35,26.5,22
DirectionalHeater_56,1219,1582,53,35,26.5,22
DirectionalHeater_57,1272,1582,53,35,26.5,22
DirectionalHeater_58,1325,1582,53,35,26.5,22
DirectionalHeater_59,1378,1582,53,35,26.5,22
DirectionalHeater_60,1431,1582,53,35,26.5,22
DirectionalHeater_61,1484,1582,53,35,26.5,22
DirectionalHeater_62,1537,1582,53,35,26.5,22
DirectionalHeater_63,1590,1582,53,35,26.5,22
DirectionalHeater_64,1643,1582,53,35,26.5,22
Door_0_SW,1200,1815,47,64,45,51
Door_1_SW,1200,1815,47,64,45,51
Door_2_SW,1247,1815,47,64,45,51
Door_3_SW,1294,1815,47,64,45,51
Door_4_SW,1341,1815,47,64,45,51
Door_5_SW,1388,1815,47,64,45,51
Door_6_SW,1435,1815,47,64,45,51
Door_7_SW,1482,1815,47,64,45,51
Door_8_SW,1529,1815,47,64,45,51
Door_9_SW,1529,1815,47,64,45,51
Door_0_SE,1576,1815,47,64,2,51
Door_1_SE,1576,1815,47,64,2,51
Door_2_SE,1623,1815,47,64,2,51
Door_3_SE,1670,1815,47,64,2,51
Door_4_SE,1717,1815,47,64,2,51
Door_5_SE,1764,1815,47,64,2,51
Door_6_SE,1811,1815,47,64,2,51
Door_7_SE,1858,1815,47,64,2,51
Door_8_SE,1905,1815,47,64,2,51
Door_9_SE,1905,1815,47,64,2,51
ElectricFurnace_1_SW,0,1435,71,51,35.5,33.5
ElectricFurnace_2_SW,71,1435,71,51,35.5,33.5
ElectricFurnace_3_SW,142,1435,71,51,35.5,33.5
ElectricFurnace_4_SW,213,1435,71,51,35.5,33.5
ElectricFurnace_5_SW,284,1435,71,51,35.5,33.5
ElectricFurnace_6_SW,355,1435,71,51,35.5,33.5
ElectricFurnace_7_SW,426,1435,71,51,35.5,33.5
ElectricFurnace_8_SW,497,1435,71,51,35.5,33.5
ElectricFurnace_9_SW,568,1435,71,51,35.5,33.5
ElectricFurnace_10_SW,639,1435,71,51,35.5,33.5
ElectricFurnace_11_SW,710,1435,71,51,35.5,33.5
ElectricFurnace_12_SW,781,1435,71,51,35.5,33.5
ElectricFurnace_1_SE,852,1435,71,61,35.5,44
ElectricFurnace_2_SE,923,1435,71,61,35.5,44
ElectricFurnace_3_SE,994,1435,71,61,35.5,44
ElectricFurnace_4_SE,1065,1435,71,61,35.5,44
ElectricFurnace_5_SE,1136,1435,71,61,35.5,44
ElectricFurnace_6_SE,1207,1435,71,61,35.5,44
ElectricFurnace_7_SE,1278,1435,71,61,35.5,44
ElectricFurnace_8_SE,1349,1435,71,61,35.5,44
ElectricFurnace_9_SE,1420,1435,71,61,35.5,44
ElectricFurnace_10_SE,1491,1435,71,61,35.5,44
ElectricFurnace_11_SE,1562,1435,71,61,35.5,44
ElectricFurnace_12_SE,1633,1435,71,61,35.5,44
ElectricFurnace_1_NE,0,1496,71,51,35.5,33.5
ElectricFurnace_2_NE,71,1496,71,51,35.5,33.5
ElectricFurnace_3_NE,142,1496,71,51,35.5,33.5
ElectricFurnace_4_NE,213,1496,71,51,35.5,33.5
ElectricFurnace_5_NE,284,1496,71,51,35.5,33.5
ElectricFurnace_6_NE,355,1496,71,51,35.5,33.5
ElectricFurnace_7_NE,426,1496,71,51,35.5,33.5
ElectricFurnace_8_NE,497,1496,71,51,35.5,33.5
ElectricFurnace_9_NE,568,1496,71,51,35.5,33.5
ElectricFurnace_10_NE,639,1496,71,51,35.5,33.5
ElectricFurnace_11_NE,710,1496,71,51,35.5,33.5
ElectricFurnace_12_NE,781,1496,71,51,35.5,33.5
ElectricFurnace_1_NW,852,1496,71,51,35.5,33.5
ElectricFurnace_2_NW,923,1496,71,51,35.5,33.5
ElectricFurnace_3_NW,994,1496,71,51,35.5,33.5
ElectricFurnace_4_NW,1065,1496,71,51,35.5,33.5
ElectricFurnace_5_NW,1136,1496,71,51,35.5,33.5
ElectricFurnace_6_NW,1207,1496,71,51,35.5,33.5
ElectricFurnace_7_NW,1278,1496,71,51,35.5,33.5
ElectricFurnace_8_NW,1349,1496,71,51,35.5,33.5
ElectricFurnace_9_NW,1420,1496,71,51,35.5,33.5
ElectricFurnace_10_NW,1491,1496,71,51,35.5,33.5
ElectricFurnace_11_NW,1562,1496,71,51,35.5,33.5
ElectricFurnace_12_NW,1633,1496,71,51,35.5,33.5
GlassFactory_SW,0,955,82,62,41,41
GlassFactory_1_SW,0,955,82,62,41,41
GlassFactory_2_SW,82,955,82,62,41,41
GlassFactory_3_SW,164,955,82,62,41,41
GlassFactory_4_SW,246,955,82,62,41,41
GlassFactory_5_SW,328,955,82,62,41,41
GlassFactory_6_SW,410,955,82,62,41,41
GlassFactory_7_SW,492,955,82,62,41,41
GlassFactory_8_SW,574,955,82,62,41,41
GlassFactory_9_SW,656,955,82,62,41,41
GlassFactory_10_SW,738,955,82,62,41,41
GlassFactory_11_SW,820,955,82,62,41,41
GlassFactory_12_SW,902,955,82,62,41,41
GlassFactory_SE,984,955,82,62,41,41
GlassFactory_1_SE,984,955,82,62,41,41
GlassFactory_2_SE,1066,955,82,62,41,41
GlassFactory_3_SE,1148,955,82,62,41,41
GlassFactory_4_SE,1230,955,82,62,41,41
GlassFactory_5_SE,1312,955,82,62,41,41
GlassFactory_6_SE,1394,955,82,62,41,41
GlassFactory_7_SE,1476,955,82,62,41,41
GlassFactory_8_SE,1558,955,82,62,41,41
GlassFactory_9_SE,1640,955,82,62,41,41
GlassFactory_10_SE,1722,955,82,62,41,41
GlassFactory_11_SE,1804,955,82,62,41,41
GlassFactory_12_SE,1886,955,82,62,41,41
GlassFactory_NE,0,1017,82,57,41,36
GlassFactory_1_NE,0,1017,82,57,41,36
GlassFactory_2_NE,82,1017,82,57,41,36
GlassFactory_3_NE,164,1017,82,57,41,36
GlassFactory_4_NE,246,1017,82,57,41,36
GlassFactory_5_NE,328,1017,82,57,41,36
GlassFactory_6_NE,410,1017,82,57,41,36
GlassFactory_7_NE,492,1017,82,57,41,36
GlassFactory_8_NE,574,1017,82,57,41,36
GlassFactory_9_NE,656,1017,82,57,41,36
GlassFactory_10_NE,738,1017,82,57,41,36
GlassFactory_11_NE,820,1017,82,57,41,36
GlassFactory_12_NE,902,1017,82,57,41,36
GlassFactory_NW,984,1017,82,57,41,36
GlassFactory_1_NW,984,1017,82,57,41,36
GlassFactory_2_NW,1066,1017,82,57,41,36
GlassFactory_3_NW,1148,1017,82,57,41,36
GlassFactory_4_NW,1230,1017,82,57,41,36
GlassFactory_5_NW,1312,1017,82,57,41,36
GlassFactory_6_NW,1394,1017,82,57,41,36
GlassFactory_7_NW,1476,1017,82,57,41,36
GlassFactory_8_NW,1558,1017,82,57,41,36
GlassFactory_9_NW,1640,1017,82,57,41,36
GlassFactory_10_NW,1722,1017,82,57,41,36
GlassFactory_11_NW,1804,1017,82,57,41,36
GlassFactory_12_NW,1886,1017,82,57,41,36
HydrogenBurner_1,0,1815,60,59,30,45
HydrogenBurner_2,60,1815,60,59,30,45
HydrogenBurner_3,120,1815,60,59,30,45
HydrogenBurner_4,180,1815,60,59,30,45
HydrogenBurner_5,240,1815,60,59,30,45
HydrogenBurner_6,300,1815,60,59,30,45
HydrogenBurner_7,360,1815,60,59,30,45
HydrogenBurner_8,420,1815,60,59,30,45
HydrogenBurner_9,480,1815,60,59,30,45
HydrogenBurner_10,540,1815,60,59,30,45
HydrogenBurner_11,600,1815,60,59,30,45
HydrogenBurner_12,660,1815,60,59,30,45
HydrogenBurner_13,720,1815,60,59,30,45
HydrogenBurner_14,780,1815,60,59,30,45
HydrogenBurner_15,840,1815,60,59,30,45
HydrogenBurner_16,900,1815,60,59,30,45
HydrogenBurner_17,960,1815,60,59,30,45
HydrogenBurner_18,1020,1815,60,59,30,45
HydrogenBurner_19,1080,1815,60,59,30,45
HydrogenBurner_20,1140,1815,60,59,30,45
LabScreen_1_SE,0,1122,43,52,7.5,47.5
LabScreen_2_SE,0,1122,43,52,7.5,47.5
LabScreen_3_SE,0,1122,43,52,7.5,47.5
LabScreen_4_SE,43,1122,43,52,7.5,47.5
LabScreen_5_SE,86,1122,43,52,7.5,47.5
LabScreen_6_SE,129,1122,43,52,7.5,47.5
LabScreen_7_SE,172,1122,43,52,7.5,47.5
LabScreen_8_SE,215,1122,43,52,7.5,47.5
LabScreen_9_SE,258,1122,43,52,7.5,47.5
LabScreen_10_SE,301,1122,43,52,7.5,47.5
LabScreen_11_SE,344,1122,43,52,7.5,47.5
LabScreen_12_SE,387,1122,43,52,7.5,47.5
LabScreen_13_SE,430,1122,43,52,7.5,47.5
LabScreen_14_SE,473,1122,43,52,7.5,47.5
LabScreen_15_SE,516,1122,43,52,7.5,47.5
LabScreen_16_SE,559,1122,43,52,7.5,47.5
LabScreen_17_SE,602,1122,43,52,7.5,47.5
LabScreen_18_SE,645,1122,43,52,7.5,47.5
LabScreen_19_SE,688,1122,43,52,7.5,47.5
LabScreen_20_SE,731,1122,43,52,7.5,47.5
LabScreen_21_SE,774,1122,43,52,7.5,47.5
LabScreen_1_SW,817,1122,44,52,36,47.5
LabScreen_2_SW,817,1122,44,52,36,47.5
LabScreen_3_SW,817,1122,44,52,36,47.5
LabScreen_4_SW,861,1122,44,52,36,47.5
LabScreen_5_SW,905,1122,44,52,36,47.5
LabScreen_6_SW,949,1122,44,52,36,47.5
LabScreen_7_SW,993,1122,44,52,36,47.5
LabScreen_8_SW,1037,1122,44,52,36,47.5
LabScreen_9_SW,1081,1122,44,52,36,47.5
LabScreen_10_SW,1125,1122,44,52,36,47.5
LabScreen_11_SW,1169,1122,44,52,36,47.5
LabScreen_12_SW,1213,1122,44,52,36,47.5
LabScreen_13_SW,1257,1122,44,52,36,47.5
LabScreen_14_SW,1301,1122,44,52,36,47.5
LabScreen_15_SW,1345,1122,44,52,36,47.5
LabScreen_16_SW,1389,1122,44,52,36,47.5
LabScreen_17_SW,1433,1122,44,52,36,47.5
LabScreen_18_SW,1477,1122,44,52,36,47.5
LabScreen_19_SW,1521,1122,44,52,36,47.5
LabScreen_20_SW,1565,1122,44,52,36,47.5
LabScreen_21_SW,1609,1122,44,52,36,47.5
Mine_0,0,1074,61,48,30.5,33
Mine_1,61,1074,61,48,30.5,33
Mine_2,122,1074,61,48,30.5,33
Mine_3,183,1074,61,48,30.5,33
Mine_4,244,1074,61,48,30.5,33
Mine_5,305,1074,61,48,30.5,33
Mine_6,366,1074,61,48,30.5,33
Mine_7,427,1074,61,48,30.5,33
Mine_8,488,1074,61,48,30.5,33
Mine_9,549,1074,61,48,30.5,33
Mine_10,610,1074,61,48,30.5,33
Mine_11,671,1074,61,48,30.5,33
Mine_12,732,1074,61,48,30.5,33
Mine_13,793,1074,61,48,30.5,33
Mine_14,854,1074,61,48,30.5,33
Mine_15,915,1074,61,48,30.5,33
Mine_16,976,1074,61,48,30.5,33
Mine_17,1037,1074,61,48,30.5,33
Mine_18,1098,1074,61,48,30.5,33
Mine_19,1159,1074,61,48,30.5,33
Mine_20,1220,1074,61,48,30.5,33
Mine_21,1281,1074,61,48,30.5,33
Mine_22,1342,1074,61,48,30.5,33
Mine_23,1403,1074,61,48,30.5,33
Mine_24,1464,1074,61,48,30.5,33
Mine_25,1525,1074,61,48,30.5,33
Mine_26,1586,1074,61,48,30.5,33
Mine_27,1647,1074,61,48,30.5,33
Mine_28,1708,1074,61,48,30.5,33
Mine_29,1769,1074,61,48,30.5,33
Mine_30,1830,1074,61,48,30.5,33
Mine_31,1891,1074,61,48,30.5,33
MushFactory_1,0,1874,32,45,16,37
MushFactory_2,32,1874,32,45,16,37
MushFactory_3,64,1874,32,45,16,37
MushFactory_4,96,1874,32,45,16,37
MushFactory_5,128,1874,32,45,16,37
MushFactory_6,160,1874,32,45,16,37
MushFactory_7,192,1874,32,45,16,37
MushFactory_8,224,1874,32,45,16,37
MushFactory_9,256,1874,32,45,16,37
MushFactory_10,288,1874,32,45,16,37
MushFactory_11,320,1874,32,45,16,37
MushFactory_12,352,1874,32,45,16,37
MushFactory_13,384,1874,32,45,16,37
MushFactory_14,416,1874,32,45,16,37
MushFactory_15,448,1874,32,45,16,37
MushFactory_16,480,1874,32,45,16,37
MushFactory_17,512,1874,32,45,16,37
MushFactory_18,544,1874,32,45,16,37
MushFactory_19,576,1874,32,45,16,37
MushFactory_20,608,1874,32,45,16,37
MushFactory_21,640,1874,32,45,16,37
MushFactory_22,672,1874,32,45,16,37
MushFactory_23,704,1874,32,45,16,37
MushFactory_24,736,1874,32,45,16,37
MushFactory_25,768,1874,32,45,16,37
MushFactory_26,800,1874,32,45,16,37
MushFactory_27,832,1874,32,45,16,37
MushFactory_28,864,1874,32,45,16,37
MushFactory_29,896,1874,32,45,16,37
MushFactory_30,928,1874,32,45,16,37
MushFactory_31,960,1874,32,45,16,37
MushFactory_32,992,1874,32,45,16,37
MushFactory_33,1024,1874,32,45,16,37
MushFactory_34,1056,1874,32,45,16,37
MushFactory_35,1088,1874,32,45,16,37
MushFactory_36,1120,1874,32,45,16,37
MushFactory_37,1152,1874,32,45,16,37
OreScanner_1,0,1977,43,45,21.5,35
OreScanner_2,43,1977,43,45,21.5,35
OreScanner_3,86,1977,43,45,21.5,35
OreScanner_4,129,1977,43,45,21.5,35
OreScanner_5,172,1977,43,45,21.5,35
OreScanner_6,215,1977,43,45,21.5,35
OreScanner_7,258,1977,43,45,21.5,35
OreScanner_8,301,1977,43,45,21.5,35
OreScanner_9,344,1977,43,45,21.5,35
OreScanner_10,387,1977,43,45,21.5,35
OreScanner_11,430,1977,43,45,21.5,35
OreScanner_12,473,1977,43,45,21.5,35
OreScanner_13,516,1977,43,45,21.5,35
OreScanner_14,559,1977,43,45,21.5,35
OreScanner_15,602,1977,43,45,21.5,35
OreScanner_16,645,1977,43,45,21.5,35
OreScanner_17,688,1977,43,45,21.5,35
OreScanner_18,731,1977,43,45,21.5,35
OreScanner_19,774,1977,43,45,21.5,35
OreScanner_20,817,1977,43,45,21.5,35
OreScanner_21,860,1977,43,45,21.5,35
OreScanner_22,903,1977,43,45,21.5,35
OreScanner_23,946,1977,43,45,21.5,35
OreScanner_24,989,1977,43,45,21.5,35
OreScanner_25,1032,1977,43,45,21.5,35
OreScanner_26,1075,1977,43,45,21.5,35
OreScanner_27,1118,1977,43,45,21.5,35
OreScanner_28,1161,1977,43,45,21.5,35
OreScanner_29,1204,1977,43,45,21.5,35
OreScanner_30,1247,1977,43,45,21.5,35
OreScanner_31,1290,1977,43,45,21.5,35
OreScanner_32,1333,1977,43,45,21.5,35
OreScanner_33,1376,1977,43,45,21.5,35
OreScanner_34,1419,1977,43,45,21.5,35
OreScanner_35,1462,1977,43,45,21.5,35
OreScanner_36,1505,1977,43,45,21.5,35
OreScanner_37,1548,1977,43,45,21.5,35
OreScanner_38,1591,1977,43,45,21.5,35
ShorePump_SE,0,1919,44,27,20.25,15
ShorePump_1_SE,0,1919,44,27,20.25,15
ShorePump_2_SE,44,1919,44,27,20.25,15
ShorePump_3_SE,88,1919,44,27,20.25,15
ShorePump_4_SE,132,1919,44,27,20.25,15
ShorePump_5_SE,176,1919,44,27,20.25,15
ShorePump_6_SE,220,1919,44,27,20.25,15
ShorePump_7_SE,264,1919,44,27,20.25,15
ShorePump_8_SE,308,1919,44,27,20.25,15
ShorePump_9_SE,352,1919,44,27,20.25,15
ShorePump_10_SE,396,1919,44,27,20.25,15
ShorePump_11_SE,440,1919,44,27,20.25,15
ShorePump_12_SE,484,1919,44,27,20.25,15
ShorePump_SW,528,1919,44,27,23.75,15
ShorePump_1_SW,528,1919,44,27,23.75,15
ShorePump_2_SW,572,1919,44,27,23.75,15
ShorePump_3_SW,616,1919,44,27,23.75,15
ShorePump_4_SW,660,1919,44,27,23.75,15
ShorePump_5_SW,704,1919,44,27,23.75,15
ShorePump_6_SW,748,1919,44,27,23.75,15
ShorePump_7_SW,792,1919,44,27,23.75,15
ShorePump_8_SW,836,1919,44,27,23.75,15
ShorePump_9_SW,880,1919,44,27,23.75,15
ShorePump_10_SW,924,1919,44,27,23.75,15
ShorePump_11_SW,968,1919,44,27,23.75,15
ShorePump_12_SW,1012,1919,44,27,23.75,15
ShorePump_NW,0,1946,44,31,23.75,20.5
ShorePump_1_NW,0,1946,44,31,23.75,20.5
ShorePump_2_NW,44,1946,44,31,23.75,20.5
ShorePump_3_NW,88,1946,44,31,23.75,20.5
ShorePump_4_NW,132,1946,44,31,23.75,20.5
ShorePump_5_NW,176,1946,44,31,23.75,20.5
ShorePump_6_NW,220,1946,44,31,23.75,20.5
ShorePump_7_NW,264,1946,44,31,23.75,20.5
ShorePump_8_NW,308,1946,44,31,23.75,20.5
ShorePump_9_NW,352,1946,44,31,23.75,20.5
ShorePump_10_NW,396,1946,44,31,23.75,20.5
ShorePump_11_NW,440,1946,44,31,23.75,20.5
ShorePump_12_NW,484,1946,44,31,23.75,20.5
ShorePump_NE,528,1946,44,31,20.25,20.5
ShorePump_1_NE,528,1946,44,31,20.25,20.5
ShorePump_2_NE,572,1946,44,31,20.25,20.5
ShorePump_3_NE,616,1946,44,31,20.25,20.5
ShorePump_4_NE,660,1946,44,31,20.25,20.5
ShorePump_5_NE,704,1946,44,31,20.25,20.5
ShorePump_6_NE,748,1946,44,31,20.25,20.5
ShorePump_7_NE,792,1946,44,31,20.25,20.5
ShorePump_8_NE,836,1946,44,31,20.25,20.5
ShorePump_9_NE,880,1946,44,31,20.25,20.5
ShorePump_10_NE,924,1946,44,31,20.25,20.5
ShorePump_11_NE,968,1946,44,31,20.25,20.5
ShorePump_12_NE,1012,1946,44,31,20.25,20.5
Silo_1,0,1286,87,68,43.5,47
Silo_2,87,1286,87,68,43.5,47
Silo_3,174,1286,87,68,43.5,47
Silo_4,261,1286,87,68,43.5,47
Silo_5,348,1286,87,68,43.5,47
Silo_6,435,1286,87,68,43.5,47
Silo_7,522,1286,87,68,43.5,47
Silo_8,609,1286,87,68,43.5,47
Silo_9,696,1286,87,68,43.5,47
Silo_10,783,1286,87,68,43.5,47
Silo_11,870,1286,87,68,43.5,47
Silo_12,957,1286,87,68,43.5,47
Silo_13,1044,1286,87,68,43.5,47
Silo_14,1131,1286,87,68,43.5,47
Silo_15,1218,1286,87,68,43.5,47
Silo_16,1305,1286,87,68,43.5,47
Silo_17,1392,1286,87,68,43.5,47
Silo_18,1479,1286,87,68,43.5,47
Silo_19,1566,1286,87,68,43.5,47
Silo_20,1653,1286,87,68,43.5,47
Silo_21,0,1354,87,81,43.5,60
Silo_22,87,1354,87,81,43.5,60
Silo_23,174,1354,87,81,43.5,60
Silo_24,261,1354,87,81,43.5,60
Silo_25,348,1354,87,81,43.5,60
Silo_26,435,1354,87,81,43.5,60
Silo_27,522,1354,87,81,43.5,60
Silo_28,609,1354,87,81,43.5,60
Silo_29,696,1354,87,81,43.5,60
Silo_30,783,1354,87,81,43.5,60
Silo_31,870,1354,87,81,43.5,60
Silo_32,957,1354,87,81,43.5,60
Silo_33,1044,1354,87,81,43.5,60
Silo_34,1131,1354,87,81,43.5,60
Silo_35,1218,1354,87,81,43.5,60
Silo_36,1305,1354,87,81,43.5,60
Silo_37,1392,1354,87,81,43.5,60
Silo_38,1479,1354,87,81,43.5,60
Silo_39,1566,1354,87,81,43.5,60
Silo_40,1653,1354,87,81,43.5,60
SolarCellFactory_SW,0,0,163,104,81.5,63
SolarCellFactory_1_SW,0,0,163,104,81.5,63
SolarCellFactory_2_SW,163,0,163,104,81.5,63
SolarCellFactory_3_SW,326,0,163,104,81.5,63
SolarCellFactory_4_SW,489,0,163,104,81.5,63
SolarCellFactory_5_SW,652,0,163,104,81.5,63
SolarCellFactory_6_SW,815,0,163,104,81.5,63
SolarCellFactory_7_SW,978,0,163,104,81.5,63
SolarCellFactory_8_SW,1141,0,163,104,81.5,63
SolarCellFactory_9_SW,1304,0,163,104,81.5,63
SolarCellFactory_10_SW,1467,0,163,104,81.5,63
SolarCellFactory_11_SW,1630,0,163,104,81.5,63
SolarCellFactory_12_SW,1793,0,163,104,81.5,63
SolarCellFactory_SE,0,104,163,104,81.5,63
SolarCellFactory_1_SE,0,104,163,104,81.5,63
SolarCellFactory_2_SE,163,104,163,104,81.5,63
SolarCellFactory_3_SE,326,104,163,104,81.5,63
SolarCellFactory_4_SE,489,104,163,104,81.5,63
SolarCellFactory_5_SE,652,104,163,104,81.5,63
SolarCellFactory_6_SE,815,104,163,104,81.5,63
SolarCellFactory_7_SE,978,104,163,104,81.5,63
SolarCellFactory_8_SE,1141,104,163,104,81.5,63
SolarCellFactory_9_SE,1304,104,163,104,81.5,63
SolarCellFactory_10_SE,1467,104,163,104,81.5,63
SolarCellFactory_11_SE,1630,104,163,104,81.5,63
SolarCellFactory_12_SE,1793,104,163,104,81.5,63
SolarCellFactory_NE,0,208,163,104,81.5,63
SolarCellFactory_1_NE,0,208,163,104,81.5,63
SolarCellFactory_2_NE,163,208,163,104,81.5,63
SolarCellFactory_3_NE,326,208,163,104,81.5,63
SolarCellFactory_4_NE,489,208,163,104,81.5,63
SolarCellFactory_5_NE,652,208,163,104,81.5,63
SolarCellFactory_6_NE,815,208,163,104,81.5,63
SolarCellFactory_7_NE,978,208,163,104,81.5,63
SolarCellFactory_8_NE,1141,208,163,104,81.5,63
SolarCellFactory_9_NE,1304,208,163,104,81.5,63
SolarCellFactory_10_NE,1467,208,163,104,81.5,63
SolarCellFactory_11_NE,1630,208,163,104,81.5,63
SolarCellFactory_12_NE,1793,208,163,104,81.5,63
SolarCellFactory_NW,0,312,163,104,81.5,63
SolarCellFactory_1_NW,0,312,163,104,81.5,63
SolarCellFactory_2_NW,163,312,163,104,81.5,63
SolarCellFactory_3_NW,326,312,163,104,81.5,63
SolarCellFactory_4_NW,489,312,163,104,81.5,63
SolarCellFactory_5_NW,652,312,163,104,81.5,63
SolarCellFactory_6_NW,815,312,163,104,81.5,63
SolarCellFactory_7_NW,978,312,163,104,81.5,63
SolarCellFactory_8_NW,1141,312,163,104,81.5,63
SolarCellFactory_9_NW,1304,312,163,104,81.5,63
SolarCellFactory_10_NW,1467,312,163,104,81.5,63
SolarCellFactory_11_NW,1630,312,163,104,81.5,63
SolarCellFactory_12_NW,1793,312,163,104,81.5,63

WaterPump_SE,1440,1727,46,40,23,28.5
WaterPump_NW,1440,1727,46,40,23,28.5

WaterPump_1_SE,0,1727,30,44,15,37.5

WaterPump_2_SE,30,1727,30,44,15,37.5
WaterPump_3_SE,60,1727,30,44,15,37.5
WaterPump_4_SE,90,1727,30,44,15,37.5
WaterPump_5_SE,120,1727,30,44,15,37.5
WaterPump_6_SE,150,1727,30,44,15,37.5
WaterPump_7_SE,180,1727,30,44,15,37.5
WaterPump_8_SE,210,1727,30,44,15,37.5
WaterPump_9_SE,240,1727,30,44,15,37.5
WaterPump_10_SE,270,1727,30,44,15,37.5
WaterPump_11_SE,300,1727,30,44,15,37.5
WaterPump_12_SE,330,1727,30,44,15,37.5
WaterPump_13_SE,360,1727,30,44,15,37.5
WaterPump_14_SE,390,1727,30,44,15,37.5
WaterPump_15_SE,420,1727,30,44,15,37.5
WaterPump_16_SE,450,1727,30,44,15,37.5
WaterPump_17_SE,480,1727,30,44,15,37.5
WaterPump_18_SE,510,1727,30,44,15,37.5
WaterPump_19_SE,540,1727,30,44,15,37.5
WaterPump_20_SE,570,1727,30,44,15,37.5
WaterPump_21_SE,600,1727,30,44,15,37.5
WaterPump_22_SE,630,1727,30,44,15,37.5
WaterPump_23_SE,660,1727,30,44,15,37.5
WaterPump_24_SE,690,1727,30,44,15,37.5
WaterPump_25_SE,720,1727,30,44,15,37.5
WaterPump_26_SE,750,1727,30,44,15,37.5
WaterPump_27_SE,780,1727,30,44,15,37.5
WaterPump_28_SE,810,1727,30,44,15,37.5
WaterPump_29_SE,840,1727,30,44,15,37.5
WaterPump_30_SE,870,1727,30,44,15,37.5
WaterPump_31_SE,900,1727,30,44,15,37.5
WaterPump_32_SE,930,1727,30,44,15,37.5
WaterPump_33_SE,960,1727,30,44,15,37.5
WaterPump_34_SE,990,1727,30,44,15,37.5
WaterPump_35_SE,1020,1727,30,44,15,37.5
WaterPump_36_SE,1050,1727,30,44,15,37.5
WaterPump_37_SE,1080,1727,30,44,15,37.5
WaterPump_38_SE,1110,1727,30,44,15,37.5
WaterPump_39_SE,1140,1727,30,44,15,37.5
WaterPump_40_SE,1170,1727,30,44,15,37.5
WaterPump_41_SE,1200,1727,30,44,15,37.5
WaterPump_42_SE,1230,1727,30,44,15,37.5
WaterPump_43_SE,1260,1727,30,44,15,37.5
WaterPump_44_SE,1290,1727,30,44,15,37.5
WaterPump_45_SE,1320,1727,30,44,15,37.5
WaterPump_46_SE,1350,1727,30,44,15,37.5
WaterPump_47_SE,1380,1727,30,44,15,37.5
WaterPump_48_SE,1410,1727,30,44,15,37.5
WaterPump_SW,1440,1767,46,40,23,28.5
WaterPump_NE,1440,1767,46,40,23,28.5
WaterPump_1_SW,0,1771,30,44,15,37.5
WaterPump_2_SW,30,1771,30,44,15,37.5
WaterPump_3_SW,60,1771,30,44,15,37.5
WaterPump_4_SW,90,1771,30,44,15,37.5
WaterPump_5_SW,120,1771,30,44,15,37.5
WaterPump_6_SW,150,1771,30,44,15,37.5
WaterPump_7_SW,180,1771,30,44,15,37.5
WaterPump_8_SW,210,1771,30,44,15,37.5
WaterPump_9_SW,240,1771,30,44,15,37.5
WaterPump_10_SW,270,1771,30,44,15,37.5
WaterPump_11_SW,300,1771,30,44,15,37.5
WaterPump_12_SW,330,1771,30,44,15,37.5
WaterPump_13_SW,360,1771,30,44,15,37.5
WaterPump_14_SW,390,1771,30,44,15,37.5
WaterPump_15_SW,420,1771,30,44,15,37.5
WaterPump_16_SW,450,1771,30,44,15,37.5
WaterPump_17_SW,480,1771,30,44,15,37.5
WaterPump_18_SW,510,1771,30,44,15,37.5
WaterPump_19_SW,540,1771,30,44,15,37.5
WaterPump_20_SW,570,1771,30,44,15,37.5
WaterPump_21_SW,600,1771,30,44,15,37.5
WaterPump_22_SW,630,1771,30,44,15,37.5
WaterPump_23_SW,660,1771,30,44,15,37.5
WaterPump_24_SW,690,1771,30,44,15,37.5
WaterPump_25_SW,720,1771,30,44,15,37.5
WaterPump_26_SW,750,1771,30,44,15,37.5
WaterPump_27_SW,780,1771,30,44,15,37.5
WaterPump_28_SW,810,1771,30,44,15,37.5
WaterPump_29_SW,840,1771,30,44,15,37.5
WaterPump_30_SW,870,1771,30,44,15,37.5
WaterPump_31_SW,900,1771,30,44,15,37.5
WaterPump_32_SW,930,1771,30,44,15,37.5
WaterPump_33_SW,960,1771,30,44,15,37.5
WaterPump_34_SW,990,1771,30,44,15,37.5
WaterPump_35_SW,1020,1771,30,44,15,37.5
WaterPump_36_SW,1050,1771,30,44,15,37.5
WaterPump_37_SW,1080,1771,30,44,15,37.5
WaterPump_38_SW,1110,1771,30,44,15,37.5
WaterPump_39_SW,1140,1771,30,44,15,37.5
WaterPump_40_SW,1170,1771,30,44,15,37.5
WaterPump_41_SW,1200,1771,30,44,15,37.5
WaterPump_42_SW,1230,1771,30,44,15,37.5
WaterPump_43_SW,1260,1771,30,44,15,37.5
WaterPump_44_SW,1290,1771,30,44,15,37.5
WaterPump_45_SW,1320,1771,30,44,15,37.5
WaterPump_46_SW,1350,1771,30,44,15,37.5
WaterPump_47_SW,1380,1771,30,44,15,37.5
WaterPump_48_SW,1410,1771,30,44,15,37.5
WindTurbine_1,0,1174,63,112,31.5,111.5
WindTurbine_2,63,1174,63,112,31.5,111.5
WindTurbine_3,126,1174,63,112,31.5,111.5
WindTurbine_4,189,1174,63,112,31.5,111.5
WindTurbine_5,252,1174,63,112,31.5,111.5
WindTurbine_6,315,1174,63,112,31.5,111.5
WindTurbine_7,378,1174,63,112,31.5,111.5
WindTurbine_8,441,1174,63,112,31.5,111.5
WindTurbine_9,504,1174,63,112,31.5,111.5
WindTurbine_10,567,1174,63,112,31.5,111.5
WindTurbine_11,630,1174,63,112,31.5,111.5
WindTurbine_12,693,1174,63,112,31.5,111.5
WindTurbine_13,756,1174,63,112,31.5,111.5
WindTurbine_14,819,1174,63,112,31.5,111.5
WindTurbine_15,882,1174,63,112,31.5,111.5
WindTurbine_16,945,1174,63,112,31.5,111.5
WindTurbine_17,1008,1174,63,112,31.5,111.5
WindTurbine_18,1071,1174,63,112,31.5,111.5
WindTurbine_19,1134,1174,63,112,31.5,111.5
WindTurbine_20,1197,1174,63,112,31.5,111.5
WindTurbine_21,1260,1174,63,112,31.5,111.5
WindTurbine_22,1323,1174,63,112,31.5,111.5
WindTurbine_23,1386,1174,63,112,31.5,111.5
WindTurbine_24,1449,1174,63,112,31.5,111.5
WindTurbine_25,1512,1174,63,112,31.5,111.5
WindTurbine_26,1575,1174,63,112,31.5,111.5
WindTurbine_27,1638,1174,63,112,31.5,111.5
WindTurbine_28,1701,1174,63,112,31.5,111.5
WindTurbine_29,1764,1174,63,112,31.5,111.5
WindTurbine_30,1827,1174,63,112,31.5,111.5
